{
  "Linear Regression": {
    "MAE": 4.3471162837437625,
    "R2": 0.2783592123988555
  },
  "Ridge": {
    "MAE": 4.905775806615481,
    "R2": 0.168985034576555
  },
  "Random Forest": {
    "MAE": 4.043829573952068,
    "R2": 0.39933298712147647
  },
  "Gradient Boosting": {
    "MAE": 3.437300063832092,
    "R2": 0.5475727959678427
  },
  "XGBoost": {
    "MAE": 3.9403813664102305,
    "R2": 0.44099061437482345
  }
}